buffer_size,time_ms
10,4978.148148148148
20,4899.407407407408
30,5063.962962962963
40,5235.111111111111
50,4856.444444444444
100,4720.0
