buffer_size,time_ms
10,4457.185185185185
20,4890.0
30,4266.333333333333
40,4243.777777777777
50,4757.592592592592
100,4242.592592592592
