num_consumers,time_ms
1,4182.259259259259
5,4813.555555555556
10,5880.722222222223
