num_consumers,time_ms
1,3446.3518518518517
5,4527.62962962963
10,5454.759259259259
