cs_length,time_ms
0,2107.5185185185187
400,5199.833333333333
800,6121.388888888889
