cs_length,time_ms
0,3134.9074074074074
400,5235.0
800,6506.62962962963
