num_producers,time_ms
1,3922.0555555555557
5,4336.055555555556
10,5170.62962962963
