num_producers,time_ms
1,3948.0925925925926
5,4688.462962962963
10,6239.981481481482
